id,clean_title,author,publisher,year,language,category,tags,description,table_of_contents,copyright_status,can_public_download
cdl-000201,11篇以基督为中心的释经讲章,君王的使者,,,中文,bible-study,释经,,,待核实,false
cdl-000022,21世纪基督教灵修学导论,霍华德,,,中文,spiritual-life,灵修,,,待核实,false
cdl-000564,2：在约伯的天平上,舍斯托夫,,,中文,bible-study,约伯,,,待核实,false
cdl-000565,5：思辨与启示,舍斯托夫,,,中文,other,,,,待核实,false
cdl-000023,C.S.路易斯：天赋奇才，勉为先知,麦格拉斯,,,中文,other,,,,待核实,false
cdl-000026,“自然之書”讀解：科學詮釋學,,,,中文,culture-society,科學,,,待核实,false
cdl-000028,一个不信派的标本,,,,中文,other,,,,待核实,false
cdl-000029,一个重大的呼召,劳威廉,,,中文,other,,,,待核实,false
cdl-000030,一个重大的呼召,劳威廉,,,中文,other,,,,待核实,false
cdl-000031,一步一步學舊約,,,,中文,bible-study,舊約,,,待核实,false
cdl-000473,一路走来一路读,林达,,,中文,other,,,,待核实,false
cdl-000032,丁道尔新约圣经注释-雅各书,,,,中文,bible-study,圣经;新约;注释,,,待核实,false
cdl-000033,七座山的异象,约翰尼 恩罗,,,中文,other,,,,待核实,false
cdl-000034,丈夫，天生需要帮助者,迈克尔 珀尔,,,中文,other,,,,待核实,false
cdl-000035,上帝为什么要向迦南人发动战争,,,,中文,theology,上帝,,,待核实,false
cdl-000036,上帝子民的倫理學：申命記注釋,萊特,,,中文,bible-study,申命記,,,待核实,false
cdl-000038,上帝的守望者,,,,中文,theology,上帝,,,待核实,false
cdl-000039,上帝的起源,伊 斯克袄尔佐夫,,,中文,theology,上帝,,,待核实,false
cdl-000040,上帝道成肉身的隐喻,约翰 希克,,,中文,theology,上帝;道成肉身,,,待核实,false
cdl-000042,上瘾的真相：揭开“瘾情”重获新生的康愈之路,王倩倩,,,中文,other,,,,待核实,false
cdl-000006,不可能的可能性：简评尼布尔的人性观,张秀英,,,中文,other,,,,待核实,false
cdl-000043,不断归正的教会,,,,中文,theology,教会,,,待核实,false
cdl-000633,与主同轭,,,,中文,spiritual-life,与主,,,待核实,false
cdl-000634,与属灵伟人同行,,,,中文,spiritual-life,属灵,,,待核实,false
cdl-000044,与神合一,,,,中文,spiritual-life,与神,,,待核实,false
cdl-000045,与神同在,劳伦斯,,,中文,spiritual-life,与神,,,待核实,false
cdl-000636,"与神同行 莱尔 Walking with God, John C. Ryle",,,,中文,spiritual-life,与神,,,待核实,false
cdl-000046,与神对话 1,,,,中文,spiritual-life,与神,,,待核实,false
cdl-000047,与神对话 2,,,,中文,spiritual-life,与神,,,待核实,false
cdl-000048,与神对话 3,,,,中文,spiritual-life,与神,,,待核实,false
cdl-000049,与神对话 4,,,,中文,spiritual-life,与神,,,待核实,false
cdl-000337,与神对话:2,尼尔 唐纳德 瓦尔施,,,中文,spiritual-life,与神,,,待核实,false
cdl-000338,与神对话:3,尼尔 唐纳德 瓦尔施,,,中文,spiritual-life,与神,,,待核实,false
cdl-000050,与神面对面,比尔 强生,,,中文,spiritual-life,与神,,,待核实,false
cdl-000051,世界历史与救赎历史,洛维特,,,中文,church-history,历史,,,待核实,false
cdl-000052,世界在等待的門徒,斯托得,,,中文,spiritual-life,門徒,,,待核实,false
cdl-000053,东正教教会学说概要,C H 布尔加科夫,,,中文,theology,教会,,,待核实,false
cdl-000054,东正教神学导论,弗 洛斯基,,,中文,theology,神学,,,待核实,false
cdl-000055,丝绸之路的音乐文化,,,,中文,culture-society,文化,,,待核实,false
cdl-000001,个人的属灵生活,,,,中文,spiritual-life,属灵生活;属灵,,,待核实,false
cdl-000354,中世纪“上帝”的文化,张绥,,,中文,theology,上帝,,,待核实,false
cdl-000638,中世纪教育文选,,,,中文,culture-society,教育,,,待核实,false
cdl-000639,中俄廣告修辭策略對比分析,高雯君,,,中文,other,,,,待核实,false
cdl-000640,中国上古神话通论,,,,中文,other,,,,待核实,false
cdl-000641,中国人的心灵与基督宗教,,,,中文,theology,基督,,,待核实,false
cdl-000056,中国佛教哲学,徐文明,,,中文,culture-society,哲学,,,待核实,false
cdl-000057,中国内地会简史,,,,中文,church-history,简史;内地会,,,待核实,false
cdl-000642,中国哲学对欧洲的影响,,,,中文,culture-society,哲学,,,待核实,false
cdl-000643,中国哲学辞典,,,,中文,reference,辞典,,,待核实,false
cdl-000289,中国基督宗教艺术的历史,基督教研究,,,中文,church-history,历史,,,待核实,false
cdl-000644,中国基督教简史,褟浩荣,,,中文,church-history,简史,,,待核实,false
cdl-000199,中国士绅反教的原因,吕实强,,,中文,other,,,,待核实,false
cdl-000058,中国现代哲学史资料汇编,,,,中文,culture-society,哲学,,,待核实,false
cdl-000059,中国现代哲学史资料汇编,,,,中文,culture-society,哲学,,,待核实,false
cdl-000060,中国现代哲学史资料汇编,,,,中文,culture-society,哲学,,,待核实,false
cdl-000061,中国现代哲学史资料汇编,,,,中文,culture-society,哲学,,,待核实,false
cdl-000062,中国现代哲学史资料汇编,,,,中文,culture-society,哲学,,,待核实,false
cdl-000063,中国现代哲学史资料汇编,,,,中文,culture-society,哲学,,,待核实,false
cdl-000064,中国现代哲学史资料汇编,,,,中文,culture-society,哲学,,,待核实,false
cdl-000065,中国现代哲学史资料汇编,,,,中文,culture-society,哲学,,,待核实,false
cdl-000066,中国现代哲学史资料汇编,,,,中文,culture-society,哲学,,,待核实,false
cdl-000067,中国现代哲学史资料汇编,,,,中文,culture-society,哲学,,,待核实,false
cdl-000068,中国现代哲学史资料汇编,,,,中文,culture-society,哲学,,,待核实,false
cdl-000069,中国现代哲学史资料汇编,,,,中文,culture-society,哲学,,,待核实,false
cdl-000070,中国现代哲学史资料汇编,,,,中文,culture-society,哲学,,,待核实,false
cdl-000071,中国现代哲学史资料汇编,,,,中文,culture-society,哲学,,,待核实,false
cdl-000072,中国现代哲学史资料汇编,,,,中文,culture-society,哲学,,,待核实,false
cdl-000481,中国现代科学全书基督教学,段琦,,,中文,theology,基督,,,待核实,false
cdl-000645,中国百科大辞典02(逻辑学),,,,中文,reference,辞典;百科,,,待核实,false
cdl-000073,中国百科大辞典宗教篇,,,,中文,reference,辞典;百科,,,待核实,false
cdl-000074,中国的以巴弗,,,,中文,other,,,,待核实,false
cdl-000075,中国近代史大纲,蒋廷黻,,,中文,other,,,,待核实,false
cdl-000646,中文圣经注释：诗篇上,,,,中文,bible-study,圣经;注释;诗篇,,,待核实,false
cdl-000647,中英廣告修辭方法之比較,徐秋香,,,中文,other,,,,待核实,false
cdl-000076,丰盛的恩典,班扬,,,中文,theology,恩典,,,待核实,false
cdl-000077,为主受苦,魏恩波,,,中文,other,,,,待核实,false
cdl-000078,为何我们今日需要读清教徒,,,,中文,church-history,清教徒,,,待核实,false
cdl-000079,为何是他,提姆 凯勒,,,中文,other,,,,待核实,false
cdl-000648,主与人同住：约翰福音纪传,于中旻,,,中文,bible-study,约翰福音,,,待核实,false
cdl-000649,主在人间,,,,中文,other,,,,待核实,false
cdl-000650,主日 约瑟.派博 The Lords Day,,,,中文,spiritual-life,主日,,,待核实,false
cdl-000651,主日的礼赞,,,,中文,spiritual-life,主日,,,待核实,false
cdl-000652,主日简史 胡斯托·冈萨雷斯,,,,中文,church-history,简史,,,待核实,false
cdl-000653,主曾晓谕：无误圣经,林慈信,,,中文,bible-study,圣经,,,待核实,false
cdl-000654,主的羊听主声音,吕沛渊,,,中文,other,,,,待核实,false
cdl-000655,主耶稣与他的朋友,卡森,,,中文,other,,,,待核实,false
cdl-000656,主耶稣与神的国度,,,,中文,spiritual-life,与神,,,待核实,false
cdl-000657,主耶稣基督的宝血,,,,中文,theology,基督,,,待核实,false
cdl-000658,主耶稣的比喻(麦种),,,,中文,other,,,,待核实,false
cdl-000659,主耶稣的比喻系列课程,,,,中文,other,,,,待核实,false
cdl-000660,主耶稣的画像,,,,中文,other,,,,待核实,false
cdl-000661,主耶穌與祂的朋友,,,,中文,other,,,,待核实,false
cdl-000662,主耶穌與神的國度,,,,中文,spiritual-life,與神,,,待核实,false
cdl-000081,争战的赞美,罗伯 盖恩,,,中文,spiritual-life,赞美,,,待核实,false
cdl-000082,二十世纪宗教思想,约翰 麦奎利,,,中文,culture-society,宗教,,,待核实,false
cdl-000083,二十世纪神学评介,葛伦斯vs奥尔森,,,中文,theology,神学,,,待核实,false
cdl-000084,二十世纪西方宗教哲学文选,刘小枫,,,中文,culture-society,哲学;宗教,,,待核实,false
cdl-000192,二千年教会史,历史的轨迹,,,中文,church-history,教会史,,,待核实,false
cdl-000193,二千年教会史,历史的轨迹,,,中文,church-history,教会史,,,待核实,false
cdl-000085,五位英格兰改教家,,,,中文,church-history,改教,,,待核实,false
cdl-000086,五月花号,希尔顿,,,中文,other,,,,待核实,false
cdl-000087,亚他那修信经浅析,钟晖,,,中文,theology,信经,,,待核实,false
cdl-000089,交通的秘诀,慕安德烈,,,中文,other,,,,待核实,false
cdl-000090,人之废,C S 路易斯,,,中文,other,,,,待核实,false
cdl-000091,人是怎么改变的,,,,中文,other,,,,待核实,false
cdl-000092,什么是基督教教育,魏司道,,,中文,theology,基督,,,待核实,false
cdl-000093,今天教会所面对的危险,张逸萍,,,中文,theology,教会,,,待核实,false
cdl-000355,今天教会所面对的危险,张逸萍,,,中文,theology,教会,,,待核实,false
cdl-000094,从圣经传讲伦理学,华德凯瑟,,,中文,bible-study,圣经,,,待核实,false
cdl-000095,从岁首到年终,C S 路易斯,,,中文,other,,,,待核实,false
cdl-000096,从旧约传讲基督,,,,中文,bible-study,旧约,,,待核实,false
cdl-000097,从旧约传讲末世论,华德凯瑟,,,中文,bible-study,旧约,,,待核实,false
cdl-000098,从灵洗到满有圣灵,林道亮,,,中文,theology,圣灵,,,待核实,false
cdl-000099,从神学观点看灵恩派,麦克阿瑟,,,中文,theology,神学,,,待核实,false
cdl-000100,从释经到讲道,桂丹诺,,,中文,bible-study,释经,,,待核实,false
cdl-000101,从马礼逊到司徒雷登,,,,中文,church-history,马礼逊,,,待核实,false
cdl-000102,代祷的秘诀,慕安德烈,,,中文,other,,,,待核实,false
cdl-000103,以基督为中心的讲道,柴培尔,,,中文,pastoral,讲道,,,待核实,false
cdl-000104,以神为本,许宏,,,中文,other,,,,待核实,false
cdl-000105,以经解经,霍顿,,,中文,bible-study,解经,,,待核实,false
cdl-000106,以耶稣仆人的心志学习神学,,,,中文,theology,神学,,,待核实,false
cdl-000177,以耶路撒冷之名,十字军东征,,,中文,other,,,,待核实,false
cdl-000109,以色列史综览,吴理恩,,,中文,other,,,,待核实,false
cdl-000110,以色列特工,,,,中文,other,,,,待核实,false
cdl-000379,以色列特工,摩沙迪,,,中文,other,,,,待核实,false
cdl-000111,以色列移民与开发百年史,以 哈依姆 格瓦蒂,,,中文,other,,,,待核实,false
cdl-000112,仰望神的祝福,,,,中文,spiritual-life,祝福,,,待核实,false
cdl-000664,众人皆精兵—海波斯,,,,中文,other,,,,待核实,false
cdl-000572,众目睽睽下的今世教会,薛华,,,中文,theology,教会,,,待核实,false
cdl-000665,众神所栖：新疆历史上的宗教,,,,中文,church-history,历史,,,待核实,false
cdl-000114,传福音与神的主权,,,,中文,missions,传福音,,,待核实,false
cdl-000117,你应当相信三位一体吗,,,,中文,theology,三位一体,,,待核实,false
cdl-000118,你应当相信三位一体吗,,,,中文,theology,三位一体,,,待核实,false
cdl-000119,你当刚强壮胆,,,,中文,other,,,,待核实,false
cdl-000120,使万民作门徒,,,,中文,spiritual-life,门徒,,,待核实,false
cdl-000121,使徒信经,,,,中文,theology,信经,,,待核实,false
cdl-000122,使徒所传的十字架,莱昂 莫里斯,,,中文,theology,十字架,,,待核实,false
cdl-000123,使徒行传,刘焕俊,,,中文,bible-study,使徒行传,,,待核实,false
cdl-000124,俗世中的上帝,莫尔特曼,,,中文,theology,上帝,,,待核实,false
cdl-000125,保罗神学新旧观,威斯特鸿,,,中文,theology,神学,,,待核实,false
cdl-000126,信仰与神学-从神学的定义理解神学研究者的使命,,,,中文,theology,神学,,,待核实,false
cdl-000610,信仰的归宿,阮恩荣,,,中文,theology,信仰,,,待核实,false
cdl-000663,信仰路上的思想和信念,仗剑江湖,,,中文,theology,信仰,,,待核实,false
cdl-000127,信心中的看见,赖王秀籣,,,中文,spiritual-life,信心,,,待核实,false
cdl-000128,信心生活的秘诀,慕安德烈,,,中文,spiritual-life,信心,,,待核实,false
cdl-000363,信心的见证人,慕勒,,,中文,spiritual-life,信心,,,待核实,false
cdl-000129,信望爱：圣经伦理学导论,周功和,,,中文,bible-study,圣经,,,待核实,false
cdl-000004,倍增事工──宣教传福音与门徒训练,,,,中文,missions,宣教;传福音,,,待核实,false
cdl-000130,健康教会的九个标志·学习手册,,,,中文,reference,手册,,,待核实,false
cdl-000131,健康的教会成员,安泰博,,,中文,pastoral,教会成员,,,待核实,false
cdl-000134,傅道：試看人生,谢慧儿,,,中文,missions,傅道,,,待核实,false
cdl-000135,傅道：試看人生,谢慧儿,,,中文,missions,傅道,,,待核实,false
cdl-000136,儒道佛与中国传统文化教育,李英华,,,中文,culture-society,文化;教育,,,待核实,false
cdl-000137,儿子的超自然觉醒,杰克 福斯特,,,中文,other,,,,待核实,false
cdl-000138,儿童心理学,,,,中文,family-ministry,儿童,,,待核实,false
cdl-000139,兄弟相爱撼山河 威伯福斯与克拉朋联盟,张文亮,,,中文,church-history,威伯福斯,,,待核实,false
cdl-000140,先知书,,,,中文,other,,,,待核实,false
cdl-000141,先知性敬拜者,帕布罗 培瑞兹,,,中文,spiritual-life,敬拜,,,待核实,false
cdl-000142,光与盐(第二卷),李可柔和毕乐思,,,中文,other,,,,待核实,false
cdl-000214,关于“启示录”的注释和布道-2,,,,中文,bible-study,注释;启示录,,,待核实,false
cdl-000637,关于基督徒委身教会的真理,专题信息,,,中文,theology,基督;教会,,,待核实,false
cdl-000143,内在生活,慕安德烈,,,中文,other,,,,待核实,false
cdl-000666,再临君王,,,,中文,other,,,,待核实,false
cdl-000667,再思因信称义,麦格拉斯,,,中文,theology,称义,,,待核实,false
cdl-000037,再思地方教会的目的,上帝宣教之民,,,中文,theology,教会,,,待核实,false
cdl-000144,再思救赎奇恩,慕理,,,中文,theology,救赎,,,待核实,false
cdl-000668,再思救赎奇恩=约翰慕理,,,,中文,theology,救赎,,,待核实,false
cdl-000669,再思福音真义：传福音VS社会行动,,,,中文,missions,传福音,,,待核实,false
cdl-000670,再思解经错谬 卡森 好书,,,,中文,bible-study,解经,,,待核实,false
cdl-000671,再思青少年牧养,,,,中文,pastoral,牧养,,,待核实,false
cdl-000672,再生情缘,杨牧谷,,,中文,other,,,,待核实,false
cdl-000146,出埃及記 上,彼得恩斯,,,中文,bible-study,出埃及記,,,待核实,false
cdl-000147,出埃及記 下,彼得恩斯,,,中文,bible-study,出埃及記,,,待核实,false
cdl-000711,出埃及记,,,,中文,bible-study,出埃及记,,,待核实,false
cdl-000149,切今之事,C S 路易斯,,,中文,other,,,,待核实,false
cdl-000150,切今之事,C S 路易斯,,,中文,other,,,,待核实,false
cdl-000468,创世纪的家谱,朴润植,,,中文,other,,,,待核实,false
cdl-000160,创世记,刘焕俊,,,中文,bible-study,创世记,,,待核实,false
cdl-000545,创世记文学注释,罗伦 端纳,,,中文,bible-study,注释;创世记,,,待核实,false
cdl-000539,创造中的上帝,约尔根 莫尔特曼,,,中文,theology,上帝,,,待核实,false
cdl-000161,到底是谁作神,,,,中文,other,,,,待核实,false
cdl-000163,前车可鉴,弗朗西斯 薛华,,,中文,other,,,,待核实,false
cdl-000162,前车可鉴 西方思想文化的兴衰,弗兰西斯 薛华,,,中文,culture-society,文化,,,待核实,false
cdl-000388,前车可鉴：西方思想文化的兴衰,薛华,,,中文,culture-society,文化,,,待核实,false
cdl-000673,剖析耶稣的“甚难”之言,再认识耶稣,,,中文,other,,,,待核实,false
cdl-000164,創世記 卷上,约翰 华尔顿,,,中文,bible-study,創世記,,,待核实,false
cdl-000165,力阻狂轮朋霍费尔传,蕾娜特 温德,,,中文,church-history,朋霍费尔,,,待核实,false
cdl-000167,加拉太书,穆尔,,,中文,bible-study,加拉太,,,待核实,false
cdl-000168,加拉太书,穆尔,,,中文,bible-study,加拉太,,,待核实,false
cdl-000169,加拉太书,,,,中文,bible-study,加拉太,,,待核实,false
cdl-000170,加拉太书简释,韩森,,,中文,bible-study,加拉太,,,待核实,false
cdl-000171,加拉太书讲解,菲力 莱肯,,,中文,bible-study,加拉太,,,待核实,false
cdl-000172,加拉太书讲解,,,,中文,bible-study,加拉太,,,待核实,false
cdl-000173,劬劳的祭司,,,,中文,other,,,,待核实,false
cdl-000174,劬劳的祭司,代祷使徒豪威尔,,,中文,other,,,,待核实,false
cdl-000175,劳伦斯属灵格言,劳伦斯,,,中文,spiritual-life,属灵,,,待核实,false
cdl-000176,勇守真道,魏尔斯,,,中文,other,,,,待核实,false
cdl-000290,北京市大学生基督徒聚会点个案研究,基督教研究,,,中文,theology,基督,,,待核实,false
cdl-000674,匝凯下来吧：谈教友灵修,,,,中文,spiritual-life,灵修,,,待核实,false
cdl-000179,十诫,波兰 基耶斯洛夫斯基,,,中文,other,,,,待核实,false
cdl-000187,卫道学概论,约翰 傅瑞姆,,,中文,other,,,,待核实,false
cdl-000188,危险的心理学,张逸萍,,,中文,other,,,,待核实,false
cdl-000189,卿卿如晤,C S 路易斯,,,中文,other,,,,待核实,false
cdl-000190,历代教会信条精选,,,,中文,theology,教会,,,待核实,false
cdl-000191,历代教会信条精选,赵天恩,,,中文,theology,教会,,,待核实,false
cdl-000675,原創文化與經典,,,,中文,culture-society,文化,,,待核实,false
cdl-000224,古代两河流域的创世神话与历史,国洪更,,,中文,church-history,历史,,,待核实,false
cdl-000291,古代教会对贞洁概念的初步探讨,基督教研究,,,中文,theology,教会,,,待核实,false
cdl-000676,只有偏执狂才能生存,,,,中文,other,,,,待核实,false
cdl-000194,史瑞納新約神學,史瑞纳,,,中文,bible-study,新約,,,待核实,false
cdl-000196,司布真传,阿诺德 达里茂,,,中文,other,,,,待核实,false
cdl-000197,合祂心意的人――撒母耳记上、下讲经记录,王国显downloadres,,,中文,bible-study,撒母耳,,,待核实,false
cdl-000198,名著-这是我的立场-马丁路德传,,,,中文,church-history,路德,,,待核实,false
cdl-000200,君尊的敬拜,齐克 尼斯 以萨迦,,,中文,spiritual-life,敬拜,,,待核实,false
cdl-000202,君王的工人,,,,中文,other,,,,待核实,false
cdl-000203,启示录注疏(上卷),罗伟,,,中文,bible-study,启示录,,,待核实,false
cdl-000204,启示录注疏(下卷),罗伟,,,中文,bible-study,启示录,,,待核实,false
cdl-000205,启示录解经,魏司道,,,中文,bible-study,解经;启示录,,,待核实,false
cdl-000206,启示录逐卷查考,毕邁克,,,中文,bible-study,启示录,,,待核实,false
cdl-000207,启示的哲学,赫尔曼 巴文克,,,中文,culture-society,哲学,,,待核实,false
cdl-000678,周国平：灵魂只能独行,,,,中文,other,,,,待核实,false
cdl-000208,咄咄逼人的耶穌,马可盖利,,,中文,other,,,,待核实,false
cdl-000209,哥林多前书,,,,中文,bible-study,哥林多,,,待核实,false
cdl-000680,哲人心语：传道书研读(唐佑之),,,,中文,missions,传道,,,待核实,false
cdl-000681,哲学中的圣经叙事：诠释学与神学研究,保罗 利科,,,中文,bible-study,圣经,,,待核实,false
cdl-000210,哲学基础,阿奎那,,,中文,culture-society,哲学,,,待核实,false
cdl-000682,哲学的慰借,波爱修斯,,,中文,culture-society,哲学,,,待核实,false
cdl-000683,哲学的故事(下册),,,,中文,culture-society,哲学,,,待核实,false
cdl-000684,哲學家時代：與思想大師的直接對話,,,,中文,culture-society,哲學,,,待核实,false
cdl-000361,哲學解释學,意义的本體論,,,中文,culture-society,哲學,,,待核实,false
cdl-000213,唯独基督十字架,吕沛渊,,,中文,theology,十字架;基督,,,待核实,false
cdl-000217,喻道故事集,,,,中文,other,,,,待核实,false
cdl-000218,四十不惑,格哈德 普劳泽,,,中文,other,,,,待核实,false
cdl-000219,四十天禁食战无不胜的能力,祖理斯 苏比,,,中文,other,,,,待核实,false
cdl-000560,四福音合参,耶稣生平,,,中文,other,,,,待核实,false
cdl-000220,四种爱,C S 路易斯,,,中文,other,,,,待核实,false
cdl-000007,回到正统,切斯特顿,,,中文,other,,,,待核实,false
cdl-000221,回到正统,切斯特顿,,,中文,other,,,,待核实,false
cdl-000222,因为他们不知道他们所做的,斯洛文尼亚 齐泽克,,,中文,other,,,,待核实,false
cdl-000223,因为他们不知道他们所做的,斯洛文尼亚 齐泽克,,,中文,other,,,,待核实,false
cdl-000225,图解基督教,,,,中文,theology,基督,,,待核实,false
cdl-000226,圣灵的劝诫,亚当斯,,,中文,theology,圣灵,,,待核实,false
cdl-000227,圣灵论,,,,中文,theology,圣灵,,,待核实,false
cdl-000540,圣灵论,约翰欧文,,,中文,theology,圣灵,,,待核实,false
cdl-000151,圣灵降临的叙事,刘小枫,,,中文,theology,圣灵,,,待核实,false
cdl-000228,圣约神学,雷默,,,中文,theology,神学,,,待核实,false
cdl-000229,圣约神学,杨斌,,,中文,theology,神学,,,待核实,false
cdl-000166,圣经,,,,中文,bible-study,圣经,,,待核实,false
cdl-000231,圣经,,,,中文,bible-study,圣经,,,待核实,false
cdl-000232,圣经,巴特 艾尔曼,,,中文,bible-study,圣经,,,待核实,false
cdl-000233,圣经,历史地图集,,,中文,bible-study,圣经,,,待核实,false
cdl-000234,圣经,女性人物塑造中的诱惑和欺骗主题阐释,,,中文,bible-study,圣经,,,待核实,false
cdl-000235,圣经,对中国法治的启示,,,中文,bible-study,圣经,,,待核实,false
cdl-000236,圣经,,,,中文,bible-study,圣经,,,待核实,false
cdl-000237,圣经,旧约和新约合订本,,,中文,bible-study,圣经,,,待核实,false
cdl-000238,圣经,,,,中文,bible-study,圣经,,,待核实,false
cdl-000239,圣经,在中国的影响,,,中文,bible-study,圣经,,,待核实,false
cdl-000240,圣经,的连贯性阐释,,,中文,bible-study,圣经,,,待核实,false
cdl-000241,圣经,精读,,,中文,bible-study,圣经,,,待核实,false
cdl-000242,圣经,考古大发现,,,中文,bible-study,圣经,,,待核实,false
cdl-000230,圣经：一部历史,,,,中文,bible-study,圣经,,,待核实,false
cdl-000243,圣经动植物意义,,,,中文,bible-study,圣经,,,待核实,false
cdl-000244,圣经叙事的艺术,,,,中文,bible-study,圣经,,,待核实,false
cdl-000245,圣经后典,,,,中文,bible-study,圣经,,,待核实,false
cdl-000284,圣经图录,基督教文化宝库,,,中文,bible-study,圣经,,,待核实,false
cdl-000246,圣经教义与实践,第一部 格鲁登,,,中文,bible-study,圣经,,,待核实,false
cdl-000247,圣经教义与实践,第三部 格鲁登,,,中文,bible-study,圣经,,,待核实,false
cdl-000248,圣经教义与实践,第二部 格鲁登,,,中文,bible-study,圣经,,,待核实,false
cdl-000249,圣经新约东方解,,,,中文,bible-study,圣经;新约,,,待核实,false
cdl-000250,圣经旧约东方解,,,,中文,bible-study,圣经;旧约,,,待核实,false
cdl-000251,圣经概述和导读,,,,中文,bible-study,圣经,,,待核实,false
cdl-000252,圣经正典,,,,中文,bible-study,圣经,,,待核实,false
cdl-000254,圣经注释-歌中的歌-雅歌,,,,中文,bible-study,圣经;注释;雅歌,,,待核实,false
cdl-000253,圣经注释：四福音详尽版,马太亨利,,,中文,bible-study,圣经;注释,,,待核实,false
cdl-000255,圣经的历史,黄金版试读,,,中文,bible-study,圣经,,,待核实,false
cdl-000256,圣经的大智慧-图文珍藏版,,,,中文,bible-study,圣经,,,待核实,false
cdl-000695,圣经的教会治理,在神的家中,,,中文,bible-study,圣经,,,待核实,false
cdl-000257,圣经神学与解经讲道,,,,中文,bible-study,圣经;解经,,,待核实,false
cdl-000258,圣经综览,,,,中文,bible-study,圣经,,,待核实,false
cdl-000259,圣经综览,,,,中文,bible-study,圣经,,,待核实,false
cdl-000260,圣经综览,,,,中文,bible-study,圣经,,,待核实,false
cdl-000261,圣经透析,,,,中文,bible-study,圣经,,,待核实,false
cdl-000262,圣经里的女性,,,,中文,bible-study,圣经,,,待核实,false
cdl-000263,圣经里的女性,,,,中文,bible-study,圣经,,,待核实,false
cdl-000264,圣者行进的印记-耶稣的血印,,,,中文,other,,,,待核实,false
cdl-000685,在上帝与凯撒之间,,,,中文,theology,上帝,,,待核实,false
cdl-000686,在乔治怀特菲尔德葬礼上的布道，约翰卫斯理,,,,中文,missions,布道,,,待核实,false
cdl-000265,在内室里,慕安德烈,,,中文,other,,,,待核实,false
cdl-000687,在基督里,,,,中文,theology,基督,,,待核实,false
cdl-000266,在忿怒罪人手中的上帝,史鲍尔,,,中文,theology,上帝,,,待核实,false
cdl-000688,在恩典中长进：彼得前后书诠释,,,,中文,bible-study,彼得前,,,待核实,false
cdl-000689,在恩典中长进─彼得前后书诠释,,,,中文,bible-study,彼得前,,,待核实,false
cdl-000690,在教会中以家庭为单位敬拜上帝,,,,中文,family-ministry,家庭,,,待核实,false
cdl-000691,在未知的中国的(英)柏格理等著,,,,中文,other,,,,待核实,false
cdl-000692,在求真的道路上,,,,中文,other,,,,待核实,false
cdl-000693,在清真寺敬拜耶稣,,,,中文,spiritual-life,敬拜,,,待核实,false
cdl-000694,在祈祷中相遇：与上主成为无话不谈的好友,,,,中文,other,,,,待核实,false
cdl-000268,基督何许人也,日 幸德秋水,,,中文,theology,基督,,,待核实,false
cdl-000269,基督信仰中的末世论,,,,中文,theology,基督;信仰,,,待核实,false
cdl-000499,基督圣徒传,爱的使者,,,中文,theology,基督,,,待核实,false
cdl-000270,基督宗教美术图案集,,,,中文,theology,基督,,,待核实,false
cdl-000145,基督徒家庭敬拜,凯瑞 普塔克,,,中文,family-ministry,家庭,,,待核实,false
cdl-000271,基督徒属灵争战,,,,中文,spiritual-life,属灵,,,待核实,false
cdl-000272,基督徒理所当然的侍奉,Brakel Study Manual,,,中文,theology,基督,,,待核实,false
cdl-000386,基督徒理所当然的侍奉,布雷克,,,中文,theology,基督,,,待核实,false
cdl-000273,基督徒的激情,丹麦 克尔凯郭尔,,,中文,theology,基督,,,待核实,false
cdl-000274,基督教与西方思想 01,科林 布朗,,,中文,theology,基督,,,待核实,false
cdl-000275,基督教与西方思想 02,史蒂夫 威尔肯斯,,,中文,theology,基督,,,待核实,false
cdl-000276,基督教会史,沃尔克,,,中文,church-history,教会史,,,待核实,false
cdl-000277,基督教会史,雪莱,,,中文,church-history,教会史,,,待核实,false
cdl-000041,基督教会崇拜的重探,上海光启社,,,中文,theology,基督;教会,,,待核实,false
cdl-000278,基督教伦理学与当代道德问题,,,,中文,theology,基督,,,待核实,false
cdl-000780,基督教信仰,约翰 斯托得,,,中文,theology,基督;信仰,,,待核实,false
cdl-000279,基督教史,优西比乌,,,中文,theology,基督,,,待核实,false
cdl-000280,基督教圣约神学讲义,孙宏广,,,中文,theology,神学,,,待核实,false
cdl-000292,基督教在近代中国传教方式的转变,基督教研究,,,中文,theology,基督,,,待核实,false
cdl-000281,基督教大思想家,汉斯 昆,,,中文,theology,基督,,,待核实,false
cdl-000282,基督教对文明的影响,,,,中文,theology,基督,,,待核实,false
cdl-000283,基督教文化160问,卓新平,,,中文,theology,基督,,,待核实,false
cdl-000285,基督教文学经典选读上,,,,中文,theology,基督,,,待核实,false
cdl-000286,基督教理论与现代,特洛尔奇,,,中文,theology,基督,,,待核实,false
cdl-000287,基督教的婚姻哲学,特洛依斯基,,,中文,family-ministry,婚姻,,,待核实,false
cdl-000288,基督教的本质,费尔巴哈,,,中文,theology,基督,,,待核实,false
cdl-000293,基督教研究-基督教的婚姻哲学,特洛茨柯依,,,中文,family-ministry,婚姻,,,待核实,false
cdl-000299,基督教神学与教义图表,,,,中文,theology,神学;教义,,,待核实,false
cdl-000300,基督教神学原典菁华,麦葛福,,,中文,theology,神学,,,待核实,false
cdl-000301,基督教神学思想史,奥尔森,,,中文,theology,神学,,,待核实,false
cdl-000351,基督教神学范畴：历史的和文化比较的考察,张庆熊,,,中文,church-history,历史,,,待核实,false
cdl-000373,基督教箴言隽语录,托马斯 阿奎那,,,中文,bible-study,箴言,,,待核实,false
cdl-000113,基督教词典,任继愈,,,中文,reference,词典,,,待核实,false
cdl-000302,基督教释经学,兰姆,,,中文,bible-study,释经,,,待核实,false
cdl-000215,基督的基本道理,,,,中文,theology,基督,,,待核实,false
cdl-000303,基督的灵,慕安得烈,,,中文,theology,基督,,,待核实,false
cdl-000330,基督的生命,宣信,,,中文,theology,基督,,,待核实,false
cdl-000304,基督论教义,,,,中文,theology,教义;基督论,,,待核实,false
cdl-000216,基督道理的开端-使徒信经的信仰,,,,中文,theology,信经;基督;信仰,,,待核实,false
cdl-000305,基要福音真理-保罗华许,文字合集版,,,中文,other,,,,待核实,false
cdl-000306,塔木德,中文,,,中文,other,,,,待核实,false
cdl-000696,增長七動力,彼得 魏格纳,,,中文,other,,,,待核实,false
cdl-000307,复兴神学家爱德华兹(上),乔治 M 马斯登,,,中文,theology,神学,,,待核实,false
cdl-000308,复兴神学家爱德华兹(下),乔治 M 马斯登,,,中文,theology,神学,,,待核实,false
cdl-000309,多元化的上帝观 20世纪西方宗教哲学概览,何光沪,,,中文,theology,上帝,,,待核实,false
cdl-000310,大众塔木德,亚伯拉罕柯恩,,,中文,other,,,,待核实,false
cdl-000311,大能的彰显,布永康,,,中文,other,,,,待核实,false
cdl-000312,天命与你,克罗尼,,,中文,other,,,,待核实,false
cdl-000313,天国在你心中,列夫 托尔斯泰,,,中文,other,,,,待核实,false
cdl-000314,天国的权柄,在黑暗势力之上掌权,,,中文,other,,,,待核实,false
cdl-000315,天路历程,约翰 班扬,,,中文,other,,,,待核实,false
cdl-000180,失落的文明系列：印加,华东师大版,,,中文,other,,,,待核实,false
cdl-000181,失落的文明系列：古希腊,华东师大版,,,中文,other,,,,待核实,false
cdl-000182,失落的文明系列：古罗马,华东师大版,,,中文,other,,,,待核实,false
cdl-000183,失落的文明系列：埃及,华东师大版,,,中文,other,,,,待核实,false
cdl-000184,失落的文明系列：巴比伦,华东师大版,,,中文,other,,,,待核实,false
cdl-000185,失落的文明系列：犹太王国,华东师大版,,,中文,other,,,,待核实,false
cdl-000186,失落的文明系列：玛雅,华东师大版,,,中文,other,,,,待核实,false
cdl-000316,夺魂记,,,,中文,other,,,,待核实,false
cdl-000677,奥古斯丁的基督教思想,周伟驰,,,中文,church-history,奥古斯丁,,,待核实,false
cdl-000317,奥古斯丁选集,奥古斯丁,,,中文,church-history,奥古斯丁,,,待核实,false
cdl-000318,女性指南,,,,中文,other,,,,待核实,false
cdl-000319,女诫,,,,中文,other,,,,待核实,false
cdl-000320,如何处理拒绝与赞美,稣鲍伯,,,中文,spiritual-life,赞美,,,待核实,false
cdl-000321,如何掌控自己的时间和生活,,,,中文,other,,,,待核实,false
cdl-000322,如何阅读一本书,,,,中文,other,,,,待核实,false
cdl-000323,妻子，荣耀的帮助者,黛丽 珀尔,,,中文,other,,,,待核实,false
cdl-000506,威斯敏斯德准则导读,王志勇,,,中文,other,,,,待核实,false
cdl-000324,婚姻的意义,,,,中文,family-ministry,婚姻,,,待核实,false
cdl-000325,婚姻的意义,,,,中文,family-ministry,婚姻,,,待核实,false
cdl-000697,字字珠玑：以弗所书,,,,中文,bible-study,以弗所,,,待核实,false
cdl-000698,字字珠玑：加拉太书,,,,中文,bible-study,加拉太,,,待核实,false
cdl-000699,字字珠玑：希伯来书,,,,中文,bible-study,希伯来书,,,待核实,false
cdl-000700,字字珠玑：约翰福音,,,,中文,bible-study,约翰福音,,,待核实,false
cdl-000701,字字珠玑：腓利比书,,,,中文,other,,,,待核实,false
cdl-000702,字字珠玑：路加福音,,,,中文,bible-study,路加福音,,,待核实,false
cdl-000703,字裡藏珍：聖經基本主題研究,,,,中文,bible-study,聖經,,,待核实,false
cdl-000326,孤独的神 后现代的福音派信仰危机,卫尔斯,,,中文,theology,信仰,,,待核实,false
cdl-000327,完全饶恕,柯恩德,,,中文,other,,,,待核实,false
cdl-000352,宗教学是什么,张志刚,,,中文,culture-society,宗教,,,待核实,false
cdl-000328,定意爱我们的孩子,丹尼 席克,,,中文,family-ministry,孩子,,,待核实,false
cdl-000329,实用祈祷学,wps,,,中文,other,,,,待核实,false
cdl-000615,家庭与重建,雷默弟兄,,,中文,family-ministry,家庭,,,待核实,false
cdl-000332,对话：儒释道与基督教,许志伟,,,中文,theology,基督,,,待核实,false
cdl-000333,对话二：儒释道与基督教,许志伟,,,中文,theology,基督,,,待核实,false
cdl-000334,寻便寻见,杨腓力,,,中文,other,,,,待核实,false
cdl-000335,寻找荣耀的帮助者,迈克尔 珀尔,,,中文,other,,,,待核实,false
cdl-000635,导论篇,与新约作者同读旧约,,,中文,other,,,,待核实,false
cdl-000336,将人的心意夺回,理查德 伯瑞特,,,中文,other,,,,待核实,false
cdl-000340,属天的医治,慕安德烈,,,中文,other,,,,待核实,false
cdl-000341,工作与时日+神谱,古希腊 赫西俄德,,,中文,other,,,,待核实,false
cdl-000339,左手如来右手基督,尼采,,,中文,theology,基督,,,待核实,false
cdl-000015,巴克莱圣经注释-使徒行传,,,,中文,bible-study,圣经;注释;使徒行传,,,待核实,false
cdl-000018,巴克莱圣经注释-加拉太书.以弗所书,,,,中文,bible-study,圣经;注释;加拉太,,,待核实,false
cdl-000017,巴克莱圣经注释-哥林多前后书,,,,中文,bible-study,圣经;注释;哥林多,,,待核实,false
cdl-000021,巴克莱圣经注释-希伯来书,,,,中文,bible-study,圣经;注释;希伯来书,,,待核实,false
cdl-000020,巴克莱圣经注释-提前后.多.门,,,,中文,bible-study,圣经;注释,,,待核实,false
cdl-000014,巴克莱圣经注释-约翰福音-2,,,,中文,bible-study,圣经;注释;约翰福音,,,待核实,false
cdl-000016,巴克莱圣经注释-罗马书,,,,中文,bible-study,圣经;注释;罗马书,,,待核实,false
cdl-000019,巴克莱圣经注释-腓.西.帖前后,,,,中文,bible-study,圣经;注释,,,待核实,false
cdl-000012,巴克莱圣经注释-路加福音,,,,中文,bible-study,圣经;注释;路加福音,,,待核实,false
cdl-000011,巴克莱圣经注释-马可福音,,,,中文,bible-study,圣经;注释;马可福音,,,待核实,false
cdl-000009,巴克莱圣经注释-马太福音-1,,,,中文,bible-study,圣经;注释;马太福音,,,待核实,false
cdl-000013,巴克莱圣经注释：约翰福音:1,,,,中文,bible-study,圣经;注释;约翰福音,,,待核实,false
cdl-000010,巴克莱圣经注释：马太福音:2,,,,中文,bible-study,圣经;注释;马太福音,,,待核实,false
cdl-000342,帕斯卡尔与人生的意义,托马斯 莫里斯,,,中文,other,,,,待核实,false
cdl-000343,帖撒罗尼迦前书、后书,,,,中文,bible-study,帖撒罗尼迦,,,待核实,false
cdl-000704,庄子与雅各,杨克勤,,,中文,other,,,,待核实,false
cdl-000344,应许的神：圣约神学导论,麦克 何顿,,,中文,theology,神学,,,待核实,false
cdl-000345,建立你的神学1：什么是神学A,,,,中文,theology,神学,,,待核实,false
cdl-000346,建立你的神学1：什么是神学B,,,,中文,theology,神学,,,待核实,false
cdl-000347,建立系统神学1：什么是系统神学 A,,,,中文,theology,神学;系统神学,,,待核实,false
cdl-000348,建立系统神学3：系统神学的命题A,,,,中文,theology,神学;系统神学,,,待核实,false
cdl-000349,建立系统神学4：系统神学的教义A,,,,中文,theology,神学;教义;系统神学,,,待核实,false
cdl-000350,异教徒,切斯特顿,,,中文,other,,,,待核实,false
cdl-000705,张启珍,彰显基督的形像,,,中文,other,,,,待核实,false
cdl-000706,张文亮：科学大师的求学、恋爱与理念,,,,中文,culture-society,科学,,,待核实,false
cdl-000353,当代东正教神学思想,张百春,,,中文,theology,神学,,,待核实,false
cdl-000027,当代中国基督教发展史1949:1997,赵天恩,,,中文,theology,基督,,,待核实,false
cdl-000356,当代中国宗教禁忌,朱越利,,,中文,culture-society,宗教,,,待核实,false
cdl-000592,当代圣乐与崇拜,赫士德,,,中文,other,,,,待核实,false
cdl-000357,当代讲道艺术,,,,中文,pastoral,讲道,,,待核实,false
cdl-000358,心意日新,陶恕,,,中文,other,,,,待核实,false
cdl-000427,心意更新的教会,斯托得,,,中文,theology,教会,,,待核实,false
cdl-000708,怎样与回教徒分享福音,,,,中文,missions,回教徒,,,待核实,false
cdl-000709,怎样利用图书馆做研究 第3版SD,,,,中文,other,,,,待核实,false
cdl-000710,怎样查考圣经,,,,中文,bible-study,圣经,,,待核实,false
cdl-000359,恩典的传承,老师培训,,,中文,theology,恩典,,,待核实,false
cdl-000360,恩膏无价,陈彼得,,,中文,other,,,,待核实,false
cdl-000712,愈辩愈明,骆德恩,,,中文,other,,,,待核实,false
cdl-000267,感恩祭的神修观,基督之宴,,,中文,other,,,,待核实,false
cdl-000362,感悟圣经，把上帝请进心灵,,,,中文,bible-study,圣经,,,待核实,false
cdl-000713,愿你的国降临 新约历史 士努恪,,,,中文,bible-study,新约,,,待核实,false
cdl-000714,愿你的国降临 旧约历史 士努恪,,,,中文,bible-study,旧约,,,待核实,false
cdl-000364,慕安德烈传,蔡丽安,,,中文,other,,,,待核实,false
cdl-000365,成为合神心意的人,毕迈克,,,中文,other,,,,待核实,false
cdl-000507,我们是为了信仰,王明道,,,中文,theology,信仰,,,待核实,false
cdl-000366,我和你,马丁布伯,,,中文,other,,,,待核实,false
cdl-000367,我的人生能有喜乐吗,史普罗,,,中文,other,,,,待核实,false
cdl-000368,我能确定我的得救吗,史普罗,,,中文,other,,,,待核实,false
cdl-000715,扎根聖言的藝術,,,,中文,other,,,,待核实,false
cdl-000371,打击魔鬼实战手册,康麦克,,,中文,reference,手册,,,待核实,false
cdl-000716,抓准神的话,,,,中文,other,,,,待核实,false
cdl-000374,护教篇,特土良,,,中文,theology,护教,,,待核实,false
cdl-000152,拣尽寒枝,刘小枫,,,中文,other,,,,待核实,false
cdl-000153,拯救与逍遥,刘小枫,,,中文,other,,,,待核实,false
cdl-000375,探求真理的指导原则,笛卡尔,,,中文,other,,,,待核实,false
cdl-000376,接待圣灵常住,,,,中文,theology,圣灵,,,待核实,false
cdl-000377,提摩太与提多书信注释(下),,,,中文,bible-study,注释;提摩太;提多书,,,待核实,false
cdl-000378,提摩太与提多书信注释(下),,,,中文,bible-study,注释;提摩太;提多书,,,待核实,false
cdl-000372,摩西十诫,托马斯 文森特,,,中文,other,,,,待核实,false
cdl-000008,支持加尔文主义：迈克.何顿、罗杰.奥尔森：麦种,,,,中文,theology,加尔文主义,,,待核实,false
cdl-000380,改变这世界祷告学校,易迪克,,,中文,spiritual-life,祷告,,,待核实,false
cdl-000381,改教家加尔文,,,,中文,church-history,改教,,,待核实,false
cdl-000382,改革宗出版社,,,,中文,theology,改革宗,,,待核实,false
cdl-000390,改革宗长老教会-牧会指南,,,,中文,pastoral,牧会,,,待核实,false
cdl-000717,政治学,,,,中文,culture-society,政治,,,待核实,false
cdl-000718,政治秩序的起源(美)弗朗西斯·福山,,,,中文,culture-society,政治,,,待核实,false
cdl-000391,救恩出于主耶和华,约翰 M 傅瑞姆,,,中文,theology,救恩,,,待核实,false
cdl-000392,教会,ChurchChina 第一期,,,中文,theology,教会,,,待核实,false
cdl-000393,教会,,,,中文,theology,教会,,,待核实,false
cdl-000394,教会历史-1550年前的中国基督教史,,,,中文,church-history,历史,,,待核实,false
cdl-000395,教会历史-中世纪基督教会史,,,,中文,church-history,教会史;历史,,,待核实,false
cdl-000396,教会历史-中国基督教史,,,,中文,church-history,历史,,,待核实,false
cdl-000397,教会历史-俄国教会史,,,,中文,church-history,教会史;历史,,,待核实,false
cdl-000398,教会历史-卷一,,,,中文,church-history,历史,,,待核实,false
cdl-000399,教会历史-卷二,,,,中文,church-history,历史,,,待核实,false
cdl-000400,教会历史-圣经的历史,,,,中文,bible-study,圣经,,,待核实,false
cdl-000401,教会历史-基督的仆人-1,,,,中文,church-history,历史,,,待核实,false
cdl-000402,教会历史-基督的仆人-2,,,,中文,church-history,历史,,,待核实,false
cdl-000403,教会历史-基督的仆人-3,,,,中文,church-history,历史,,,待核实,false
cdl-000404,教会历史-基督的仆人-4,,,,中文,church-history,历史,,,待核实,false
cdl-000405,教会历史-当代中国基督教发展史,,,,中文,church-history,历史,,,待核实,false
cdl-000406,教会历史-教会历史背景与年代图表,,,,中文,church-history,历史,,,待核实,false
cdl-000407,教会历史-教会史,古罗马 优西比乌,,,中文,church-history,教会史;历史,,,待核实,false
cdl-000408,教会在职场,彼得 魏格纳,,,中文,theology,教会,,,待核实,false
cdl-000409,教会教义学精义,瑞士 巴特,,,中文,theology,教义,,,待核实,false
cdl-000410,教会杂志 12,,,,中文,theology,教会,,,待核实,false
cdl-000411,教会杂志 13,,,,中文,theology,教会,,,待核实,false
cdl-000412,教会杂志 14,,,,中文,theology,教会,,,待核实,false
cdl-000413,教会杂志 15,,,,中文,theology,教会,,,待核实,false
cdl-000414,教会杂志 16,,,,中文,theology,教会,,,待核实,false
cdl-000415,教会杂志 17,,,,中文,theology,教会,,,待核实,false
cdl-000416,教会杂志 18,,,,中文,theology,教会,,,待核实,false
cdl-000417,教会杂志 19,,,,中文,theology,教会,,,待核实,false
cdl-000418,教会杂志 30,,,,中文,theology,教会,,,待核实,false
cdl-000419,教会杂志 31,,,,中文,theology,教会,,,待核实,false
cdl-000420,教会杂志 32,,,,中文,theology,教会,,,待核实,false
cdl-000421,教会生活中的长老：重新发现合乎圣经的教会带领模式,费尔 牛顿和马太 舒马克 合,,,中文,bible-study,圣经,,,待核实,false
cdl-000422,教会论,朴亨龙,,,中文,theology,教会,,,待核实,false
cdl-000003,教导的原则与方法,,,,中文,other,,,,待核实,false
cdl-000423,教牧与教会,,,,中文,theology,教会,,,待核实,false
cdl-000424,教育大辞书,,,,中文,culture-society,教育,,,待核实,false
cdl-000425,敬拜与争战,魏德凯夫妇,,,中文,spiritual-life,敬拜,,,待核实,false
cdl-000115,文艺复兴中的基督宗教与人文主义,何光沪,,,中文,theology,基督,,,待核实,false
cdl-000426,文艺评论的实验(重译本),C S 路易斯,,,中文,other,,,,待核实,false
cdl-000428,新妇代祷训练课程讲义,末世先锋训练营,,,中文,other,,,,待核实,false
cdl-000429,新生命,慕安德烈,,,中文,other,,,,待核实,false
cdl-000430,新约,,,,中文,bible-study,新约,,,待核实,false
cdl-000431,新约,入门,,,中文,bible-study,新约,,,待核实,false
cdl-000626,新约书卷详纲,马有藻,,,中文,bible-study,新约,,,待核实,false
cdl-000627,新约书卷详纲,马有藻,,,中文,bible-study,新约,,,待核实,false
cdl-000432,新约伦理,孙宝玲,,,中文,bible-study,新约,,,待核实,false
cdl-000433,新约圣经中的主要地方,,,,中文,bible-study,圣经;新约,,,待核实,false
cdl-000434,新约圣经中的主要地方,,,,中文,bible-study,圣经;新约,,,待核实,false
cdl-000435,新约圣经背景注释,季纳,,,中文,bible-study,圣经;新约;注释,,,待核实,false
cdl-000436,新约文献与历史导论,,,,中文,bible-study,新约,,,待核实,false
cdl-000437,新约文献与历史导论,,,,中文,bible-study,新约,,,待核实,false
cdl-000438,新约的圣经神学,毕尔,,,中文,bible-study,圣经;新约,,,待核实,false
cdl-000439,新约神学,马歇尔,,,中文,bible-study,新约,,,待核实,false
cdl-000440,新约精览,詹逊,,,中文,bible-study,新约,,,待核实,false
cdl-000441,新约背景,陈润堂,,,中文,bible-study,新约,,,待核实,false
cdl-000442,新约解经式讲道,李斐德,,,中文,bible-study,新约;解经,,,待核实,false
cdl-000443,新约解经式讲道,李斐德,,,中文,bible-study,新约;解经,,,待核实,false
cdl-000444,新铁证待判,麦道卫,,,中文,other,,,,待核实,false
cdl-000445,无与伦比的基督,斯托得,,,中文,theology,基督,,,待核实,false
cdl-000446,无与伦比的基督,斯托得,,,中文,theology,基督,,,待核实,false
cdl-000447,无形的宗教：现代社会中的宗教问题,卢克曼,,,中文,culture-society,社会;宗教,,,待核实,false
cdl-000448,无语问上帝,杨腓力,,,中文,theology,上帝,,,待核实,false
cdl-000449,无误圣经,林慈信,,,中文,bible-study,圣经,,,待核实,false
cdl-000450,旧约,中的民俗,,,中文,bible-study,旧约,,,待核实,false
cdl-000451,旧约,,,,中文,bible-study,旧约,,,待核实,false
cdl-000452,旧约,入门,,,中文,bible-study,旧约,,,待核实,false
cdl-000588,旧约,燔祭,,,中文,bible-study,旧约,,,待核实,false
cdl-000453,旧约启蒙故事,大卫 赫姆,,,中文,bible-study,旧约,,,待核实,false
cdl-000454,旧约概论,,,,中文,bible-study,旧约,,,待核实,false
cdl-000455,旧约概论,,,,中文,bible-study,旧约,,,待核实,false
cdl-000456,旧约神学 英文版,华尔基,,,中文,bible-study,旧约,,,待核实,false
cdl-000852,旧约福音讲章旧约二版,钟马田解经讲道丛集,,,中文,bible-study,旧约,,,待核实,false
cdl-000457,旧约笔记,,,,中文,bible-study,旧约,,,待核实,false
cdl-000458,旧约精览,詹逊,,,中文,bible-study,旧约,,,待核实,false
cdl-000005,旧约诗歌智慧书导论,,,,中文,bible-study,旧约,,,待核实,false
cdl-000459,旧约遍览,,,,中文,bible-study,旧约,,,待核实,false
cdl-000719,早期基督教与希腊教化,,,,中文,theology,基督,,,待核实,false
cdl-000720,早期基督教与希腊教化,,,,中文,theology,基督,,,待核实,false
cdl-000721,早期基督教思想的精神：寻求上帝的面,,,,中文,theology,上帝;基督,,,待核实,false
cdl-000722,早期基督教教义(华神),,,,中文,theology,教义,,,待核实,false
cdl-000460,时间与自由意志,法国 柏格森,,,中文,other,,,,待核实,false
cdl-000461,时间的检验,,,,中文,other,,,,待核实,false
cdl-000462,时间的检验,,,,中文,other,,,,待核实,false
cdl-000723,昼夜思想(8月),,,,中文,other,,,,待核实,false
cdl-000294,晚清政府基督教政策初探,基督教研究,,,中文,theology,基督,,,待核实,false
cdl-000724,智慧之书：一年的箴言灵修日程,,,,中文,bible-study,箴言,,,待核实,false
cdl-000463,智慧文学,,,,中文,other,,,,待核实,false
cdl-000464,智慧的开端,焦源濂,,,中文,other,,,,待核实,false
cdl-000725,智者之言: 箴言主题诠释,,,,中文,bible-study,箴言,,,待核实,false
cdl-000465,更新心意学教理,,,,中文,other,,,,待核实,false
cdl-000466,更新心意学教理,,,,中文,other,,,,待核实,false
cdl-000467,朋友，你真要走这条路吗,,,,中文,other,,,,待核实,false
cdl-000726,朱谦之：中国景教：中国古代基督教研究,,,,中文,theology,基督,,,待核实,false
cdl-000469,杜伊诺哀歌,,,,中文,other,,,,待核实,false
cdl-000470,杜伊诺哀歌,,,,中文,other,,,,待核实,false
cdl-000471,来世论,朴亨龙,,,中文,other,,,,待核实,false
cdl-000754,梁微：天道圣经注释,箴言,,,中文,bible-study,圣经;注释,,,待核实,false
cdl-000482,梵蒂冈的乱世抉择,段琦,,,中文,other,,,,待核实,false
cdl-000474,歌咏尊崇：诗篇 活出智慧：箴言,,,,中文,bible-study,诗篇;箴言,,,待核实,false
cdl-000752,歌罗西书今读,站立得稳,,,中文,bible-study,歌罗西,,,待核实,false
cdl-000475,歌羅西書VS腓利門書,大卫 加兰,,,中文,bible-study,歌羅西;腓利門,,,待核实,false
cdl-000727,正常的基督徒生活,,,,中文,theology,基督,,,待核实,false
cdl-000728,正常的教会生活：提摩太前后书进解,,,,中文,bible-study,提摩太,,,待核实,false
cdl-000729,正意解经,麦卡尼,,,中文,bible-study,解经,,,待核实,false
cdl-000476,正本溯源话信,吕沛渊,,,中文,other,,,,待核实,false
cdl-000477,正直生活要道：圣经伦理面面观,约翰 慕理,,,中文,bible-study,圣经,,,待核实,false
cdl-000730,正直生活要道：圣经伦理面面观 约翰慕理著Principles of Conduct Murray Simplified,,,,中文,bible-study,圣经,,,待核实,false
cdl-000478,歷史詮釋學,歷史 理解 意義,,,中文,church-history,歷史,,,待核实,false
cdl-000479,歷史詮釋學,歷史 理解 意義,,,中文,church-history,歷史,,,待核实,false
cdl-000480,死.永生.上帝,舍勒,,,中文,theology,上帝,,,待核实,false
cdl-000779,殉道史,约翰 福克斯,,,中文,other,,,,待核实,false
cdl-000483,民數記,罗伊 甘恩,,,中文,bible-study,民數記,,,待核实,false
cdl-000731,治理,诺曼 萧却克,,,中文,other,,,,待核实,false
cdl-000484,法律詮釋學,法律 詮釋與應用,,,中文,culture-society,法律,,,待核实,false
cdl-000485,活在圣灵中,巴刻,,,中文,theology,圣灵,,,待核实,false
cdl-000486,活在遮盖之下,约翰 毕维尔,,,中文,other,,,,待核实,false
cdl-000487,深思熟虑的教会,狄马克 亚保罗,,,中文,theology,教会,,,待核实,false
cdl-000488,清教徒之约,王志勇 注,,,中文,church-history,清教徒,,,待核实,false
cdl-000489,清教徒的生活观,Michael Phillips,,,中文,church-history,清教徒,,,待核实,false
cdl-000542,清晨灵修操练,纪威廉,,,中文,spiritual-life,灵修,,,待核实,false
cdl-000543,清晨灵修操练,纪威廉,,,中文,spiritual-life,灵修,,,待核实,false
cdl-000490,渴慕神,约翰派博,,,中文,other,,,,待核实,false
cdl-000491,渴慕神,约翰派博,,,中文,other,,,,待核实,false
cdl-000370,漫话圣经,房龙,,,中文,bible-study,圣经,,,待核实,false
cdl-000492,火的布道,布永康,,,中文,missions,布道,,,待核实,false
cdl-000369,灵修新径,戴迈乐,,,中文,spiritual-life,灵修,,,待核实,false
cdl-000849,灵性低潮,钟马田,,,中文,spiritual-life,灵性,,,待核实,false
cdl-000611,灵恩的再思,陈仲辉,,,中文,other,,,,待核实,false
cdl-000493,灵魂不灭,伯特纳,,,中文,other,,,,待核实,false
cdl-000494,灵魂之锚,,,,中文,other,,,,待核实,false
cdl-000384,灵魂的解剖,加尔文,,,中文,other,,,,待核实,false
cdl-000495,灵魂的黑夜,,,,中文,other,,,,待核实,false
cdl-000496,炉灰中的懊悔,焦源濂,,,中文,other,,,,待核实,false
cdl-000497,爱情不设限,力克 胡哲 澳,,,中文,other,,,,待核实,false
cdl-000498,爱的五种语言,,,,中文,other,,,,待核实,false
cdl-000570,爱的使者：基督圣徒传,萧潇,,,中文,theology,基督,,,待核实,false
cdl-000631,爱的故事,高尔基,,,中文,other,,,,待核实,false
cdl-000500,牛津基督教会史,,,,中文,church-history,教会史,,,待核实,false
cdl-000501,牧养与承担,,,,中文,pastoral,牧养,,,待核实,false
cdl-000502,牧范学导言,,,,中文,other,,,,待核实,false
cdl-000778,犹太战记,,,,中文,other,,,,待核实,false
cdl-000503,犹太文明,,,,中文,other,,,,待核实,false
cdl-000504,犹太民族不朽的诗篇-死海古卷,,,,中文,bible-study,诗篇,,,待核实,false
cdl-000505,狱中书简,朋霍费尔,,,中文,other,,,,待核实,false
cdl-000132,现代犹太哲学,傅有德,,,中文,culture-society,哲学,,,待核实,false
cdl-000508,理解之思：詮釋學初論,,,,中文,other,,,,待核实,false
cdl-000509,申命记,,,,中文,bible-study,申命记,,,待核实,false
cdl-000510,男性指南,,,,中文,other,,,,待核实,false
cdl-000850,登山宝训,钟马田,,,中文,other,,,,待核实,false
cdl-000511,盖恩夫人文集,,,,中文,other,,,,待核实,false
cdl-000512,盖恩夫人的信,,,,中文,other,,,,待核实,false
cdl-000732,直到地极25,,,,中文,other,,,,待核实,false
cdl-000733,直奔标竿,林观福,,,中文,other,,,,待核实,false
cdl-000513,真假福音,泰文 维克斯,,,中文,other,,,,待核实,false
cdl-000734,真假福音 必读之书,,,,中文,other,,,,待核实,false
cdl-000735,真北2,,,,中文,other,,,,待核实,false
cdl-000736,真实的敬拜(敬拜神与灵命成长),,,,中文,spiritual-life,敬拜;灵命,,,待核实,false
cdl-000737,真理与生命,,,,中文,other,,,,待核实,false
cdl-000738,真理与自由,冯荫坤,,,中文,other,,,,待核实,false
cdl-000739,真理的寻索,斯托得,,,中文,other,,,,待核实,false
cdl-000740,真理的教师：马丁·路德和他的世界,,,,中文,church-history,路德,,,待核实,false
cdl-000741,真理的脚踪(约翰福音诠释),,,,中文,bible-study,约翰福音,,,待核实,false
cdl-000628,真理的脚踪：约翰福音诠释,马有藻,,,中文,bible-study,约翰福音,,,待核实,false
cdl-000742,真理的脚踪—约翰福音诠释,,,,中文,bible-study,约翰福音,,,待核实,false
cdl-000743,真理的腳蹤 — 約翰福音詮釋,,,,中文,bible-study,約翰福音,,,待核实,false
cdl-000745,真理的装备,鲍会园,,,中文,other,,,,待核实,false
cdl-000744,真理的装备：天道信徒神学系列,鲍会园,,,中文,theology,神学,,,待核实,false
cdl-000746,真相信,,,,中文,other,,,,待核实,false
cdl-000747,真知灼见：歌罗西书讲解,沈保罗,,,中文,bible-study,歌罗西,,,待核实,false
cdl-000629,真知道祂：基要真理面面观,马有藻,,,中文,other,,,,待核实,false
cdl-000748,真自由 唐崇荣,,,,中文,other,,,,待核实,false
cdl-000088,真道初阶,亚伯拉罕海伦堡,,,中文,other,,,,待核实,false
cdl-000749,真道初阶 亚伯拉罕.海伦堡,,,,中文,other,,,,待核实,false
cdl-000154,睇视之光,刘小枫,,,中文,other,,,,待核实,false
cdl-000514,石版上的圣言,十诫与今日的道德危机,,,中文,other,,,,待核实,false
cdl-000133,磐石之上,傅格森,,,中文,other,,,,待核实,false
cdl-000383,磐石之上,傅格森,,,中文,other,,,,待核实,false
cdl-000515,磐石之上-掌握救恩要义 稳健属灵生命,辛克莱 傅格森,,,中文,spiritual-life,属灵,,,待核实,false
cdl-000516,磐石之上-掌握救恩要义 稳健属灵生命,辛克莱 傅格森,,,中文,spiritual-life,属灵,,,待核实,false
cdl-000517,祂是大牧者，生命的主宰,赖王秀籣,,,中文,other,,,,待核实,false
cdl-000518,祈祷出来的能力,邦兹,,,中文,other,,,,待核实,false
cdl-000750,祝福或咒诅 马有藻,,,,中文,spiritual-life,祝福,,,待核实,false
cdl-000519,神，人与宗教,赵忠辉,,,中文,culture-society,宗教,,,待核实,false
cdl-000520,神圣的帷幕-宗教社会学理论之要素,彼得 贝格尔,,,中文,culture-society,社会;宗教,,,待核实,false
cdl-000116,神圣的根,何光沪,,,中文,other,,,,待核实,false
cdl-000521,神的荣耀,叶提多,,,中文,other,,,,待核实,false
cdl-000522,祷告,哈列斯比,,,中文,spiritual-life,祷告,,,待核实,false
cdl-000523,祷告能改变事情吗,司布尔,,,中文,spiritual-life,祷告,,,待核实,false
cdl-000524,禁食祷告的大能,白立德,,,中文,spiritual-life,祷告,,,待核实,false
cdl-000525,福音之争战,陈佐人,,,中文,other,,,,待核实,false
cdl-000573,福音派危机,薛华,,,中文,other,,,,待核实,false
cdl-000751,种子圣经注释：帖撒罗尼迦前后书,,,,中文,bible-study,圣经;注释;帖撒罗尼迦,,,待核实,false
cdl-000526,科学与宗教 从哥白尼到达尔文(1450-1900),理查德 奥尔森,,,中文,culture-society,科学;宗教,,,待核实,false
cdl-000527,穆勒传,罗杰 斯蒂尔,,,中文,other,,,,待核实,false
cdl-000387,窄路,,,,中文,other,,,,待核实,false
cdl-000528,窄门附近的徘徊,司布真,,,中文,other,,,,待核实,false
cdl-000753,章雪富：希腊哲学的Being和早期基督教的上帝观,,,,中文,theology,上帝;基督,,,待核实,false
cdl-000529,竭诚为主,章伯斯,,,中文,other,,,,待核实,false
cdl-000530,第一亚当与第二亚当,朋霍费尔,,,中文,other,,,,待核实,false
cdl-000531,简明教会历史,理查德 W 科尼什,,,中文,church-history,历史,,,待核实,false
cdl-000532,简明教会历史,,,,中文,church-history,历史,,,待核实,false
cdl-000755,箴言：智慧的学校,亚金森,,,中文,bible-study,箴言,,,待核实,false
cdl-000533,系统查经课程-使徒行传-学生本,,,,中文,bible-study,使徒行传,,,待核实,false
cdl-000534,系统查经课程-使徒行传-导师本,,,,中文,bible-study,使徒行传,,,待核实,false
cdl-000535,系统查经课程-约翰福音-学生本,,,,中文,bible-study,约翰福音,,,待核实,false
cdl-000536,系统查经课程-约翰福音-导师本,,,,中文,bible-study,约翰福音,,,待核实,false
cdl-000537,系统神学,,,,中文,theology,神学;系统神学,,,待核实,false
cdl-000538,系统神学,,,,中文,theology,神学;系统神学,,,待核实,false
cdl-000756,約壹貳三123 John(1319:1355),,,,中文,other,,,,待核实,false
cdl-000757,約翰福音John.4(401:443),,,,中文,bible-study,約翰福音,,,待核实,false
cdl-000758,约一二三书,冯国泰,,,中文,other,,,,待核实,false
cdl-000759,约中之钥,多尔西,,,中文,other,,,,待核实,false
cdl-000761,约中之钥,,,,中文,other,,,,待核实,false
cdl-000760,约中之钥(旧约文学结构),多尔西,,,中文,bible-study,旧约,,,待核实,false
cdl-000556,约书亚的传导,耶稣基督,,,中文,other,,,,待核实,false
cdl-000762,约书亚记,,,,中文,bible-study,约书亚记,,,待核实,false
cdl-000764,约书亚记,,,,中文,bible-study,约书亚记,,,待核实,false
cdl-000763,约书亚记：大时代的属灵争战,,,,中文,bible-study,约书亚记,,,待核实,false
cdl-000765,约伯与生之困惑,,,,中文,bible-study,约伯,,,待核实,false
cdl-000766,约伯纪,,,,中文,bible-study,约伯,,,待核实,false
cdl-000767,约伯记,,,,中文,bible-study,约伯,,,待核实,false
cdl-000768,约伯记上,唐佑之,,,中文,bible-study,约伯,,,待核实,false
cdl-000769,约伯记下,唐佑之,,,中文,bible-study,约伯,,,待核实,false
cdl-000770,约伯记注释,,,,中文,bible-study,注释;约伯,,,待核实,false
cdl-000771,约拿书,罪与恩典,,,中文,bible-study,约拿,,,待核实,false
cdl-000772,约拿书、但以理书全套课程,,,,中文,bible-study,但以理;约拿,,,待核实,false
cdl-000773,约拿书剪影,陈希曾,,,中文,bible-study,约拿,,,待核实,false
cdl-000774,约拿书剪影,陈希曾,,,中文,bible-study,约拿,,,待核实,false
cdl-000776,约珥书,艾朗劳,,,中文,bible-study,约珥,,,待核实,false
cdl-000775,约珥书：天道研经导读,艾朗劳,,,中文,bible-study,研经;约珥,,,待核实,false
cdl-000777,约珥书、阿摩司书,刘少平,,,中文,bible-study,约珥;阿摩司,,,待核实,false
cdl-000781,约翰·穆勒自传,,,,中文,other,,,,待核实,false
cdl-000782,约翰·米勒,你想获得新生命吗,,,中文,other,,,,待核实,false
cdl-000783,约翰一二三书,冯国泰,,,中文,other,,,,待核实,false
cdl-000784,约翰一二三书,约翰麦克阿瑟,,,中文,other,,,,待核实,false
cdl-000785,约翰一二三书上,,,,中文,other,,,,待核实,false
cdl-000786,约翰一二三书下,,,,中文,other,,,,待核实,false
cdl-000787,约翰三书,,,,中文,other,,,,待核实,false
cdl-000789,约翰书信,,,,中文,other,,,,待核实,false
cdl-000788,约翰书信：杰克曼：圣经信息系列,,,,中文,bible-study,圣经,,,待核实,false
cdl-000790,约翰二书,,,,中文,other,,,,待核实,false
cdl-000791,约翰壹贰叁书(卷上),吴道宗,,,中文,bible-study,约翰壹,,,待核实,false
cdl-000792,约翰欧文,圣灵论,,,中文,other,,,,待核实,false
cdl-000793,约翰欧文：圣灵论,,,,中文,theology,圣灵,,,待核实,false
cdl-000794,约翰欧文：基督为谁而死,,,,中文,theology,基督,,,待核实,false
cdl-000796,约翰派博：愿万国都欢乐,,,,中文,other,,,,待核实,false
cdl-000801,约翰福音,何赫素,,,中文,bible-study,约翰福音,,,待核实,false
cdl-000803,约翰福音,卡森,,,中文,bible-study,约翰福音,,,待核实,false
cdl-000797,约翰福音(卷上)(白基++著),,,,中文,bible-study,约翰福音,,,待核实,false
cdl-000798,约翰福音(卷下)(白基++著),,,,中文,bible-study,约翰福音,,,待核实,false
cdl-000799,约翰福音(解经讲道注释),,,,中文,bible-study,解经;注释;约翰福音,,,待核实,false
cdl-000800,约翰福音+路加福音+,坎培尔 摩根,,,中文,bible-study,约翰福音;路加福音,,,待核实,false
cdl-000802,约翰福音：道成福音的耶稣(明道),曾思翰,,,中文,bible-study,约翰福音,,,待核实,false
cdl-000804,约翰福音上,钟志邦,,,中文,bible-study,约翰福音,,,待核实,false
cdl-000805,约翰福音下,钟志邦,,,中文,bible-study,约翰福音,,,待核实,false
cdl-000806,约翰福音伴读1 董宇正,,,,中文,bible-study,约翰福音,,,待核实,false
cdl-000807,约翰福音伴读2 董宇正,,,,中文,bible-study,约翰福音,,,待核实,false
cdl-000541,约翰福音注释,马太亨利,,,中文,bible-study,注释;约翰福音,,,待核实,false
cdl-000808,约翰福音注释,丁道尔,,,中文,bible-study,注释;约翰福音,,,待核实,false
cdl-000811,约翰福音注释,卡森,,,中文,bible-study,注释;约翰福音,,,待核实,false
cdl-000812,约翰福音注释,卡森,,,中文,bible-study,注释;约翰福音,,,待核实,false
cdl-000809,约翰福音注释 马太亨利,,,,中文,bible-study,注释;约翰福音,,,待核实,false
cdl-000810,约翰福音注释，加尔文，卷一,,,,中文,bible-study,注释;约翰福音,,,待核实,false
cdl-000813,约翰福音诠释,马有藻,,,中文,bible-study,约翰福音,,,待核实,false
cdl-000814,约翰福音诠释 马有藻,,,,中文,bible-study,约翰福音,,,待核实,false
cdl-000815,约翰福音默想,邝成中,,,中文,bible-study,约翰福音,,,待核实,false
cdl-000544,经典文章和讲章,,,,中文,pastoral,讲章,,,待核实,false
cdl-000547,罗马书注释,博爱斯,,,中文,bible-study,注释;罗马书,,,待核实,false
cdl-000548,罗马书注释,博爱斯,,,中文,bible-study,注释;罗马书,,,待核实,false
cdl-000549,罗马书注释,博爱斯,,,中文,bible-study,注释;罗马书,,,待核实,false
cdl-000550,罗马书注释,博爱斯,,,中文,bible-study,注释;罗马书,,,待核实,false
cdl-000623,罗马书注释,马太亨利,,,中文,bible-study,注释;罗马书,,,待核实,false
cdl-000551,罗马书确凿不移的真理,沉保罗,,,中文,bible-study,罗马书,,,待核实,false
cdl-000630,罗马人的福音：罗马书全文诠释,马有藻,,,中文,bible-study,罗马书,,,待核实,false
cdl-000158,罗马教皇列传,刘明翰,,,中文,other,,,,待核实,false
cdl-000552,罗马文化与古典传统,,,,中文,culture-society,文化,,,待核实,false
cdl-000155,罪与欠,刘小枫,,,中文,other,,,,待核实,false
cdl-000472,罪恶与救赎：基督教文化精神论,杨慧林,,,中文,theology,救赎,,,待核实,false
cdl-000553,羅馬書,,,,中文,bible-study,羅馬書,,,待核实,false
cdl-000554,美辞泉涌(下),焦源濂,,,中文,other,,,,待核实,false
cdl-000555,耶稣受难的50个理由,约翰派博,,,中文,other,,,,待核实,false
cdl-000557,耶稣所传的福音,麦种彩色版,,,中文,other,,,,待核实,false
cdl-000558,耶稣手稿之谜,,,,中文,other,,,,待核实,false
cdl-000559,耶稣时代的耶路撒冷地图,,,,中文,other,,,,待核实,false
cdl-000561,耶稣真貌,扬腓力,,,中文,other,,,,待核实,false
cdl-000562,聆听智者与C.S.路易斯相伴365日,C S 路易斯,,,中文,other,,,,待核实,false
cdl-000816,职场大使命,,,,中文,other,,,,待核实,false
cdl-000563,脑与学习,,,,中文,other,,,,待核实,false
cdl-000817,自伽利略之後,,,,中文,other,,,,待核实,false
cdl-000818,自由在高处,熊培云,,,中文,other,,,,待核实,false
cdl-000819,自由的真理：保罗神学观,F F bruce,,,中文,theology,神学,,,待核实,false
cdl-000820,至圣所(希伯来书),,,,中文,bible-study,希伯来书,,,待核实,false
cdl-000821,致年轻加尔文主义者的信,,,,中文,theology,加尔文主义,,,待核实,false
cdl-000822,致死的疾病,祁克果,,,中文,other,,,,待核实,false
cdl-000823,與神同行的人：查经材料,管马莲,,,中文,spiritual-life,與神,,,待核实,false
cdl-000566,英吉利教会史,比德,,,中文,church-history,教会史,,,待核实,false
cdl-000295,英国中世纪教会研究,基督教研究,,,中文,theology,教会,,,待核实,false
cdl-000567,英国复兴领袖传,莱尔,,,中文,other,,,,待核实,false
cdl-000296,英国宗教改革研究,基督教研究,,,中文,church-history,宗教改革,,,待核实,false
cdl-000568,荣美的神荣美的你,贝妮 强生 海蒂 贝克等,,,中文,other,,,,待核实,false
cdl-000569,荣耀之重：暨其他演讲,C S 路易斯,,,中文,other,,,,待核实,false
cdl-000571,蒙塔尤,基督教史,,,中文,other,,,,待核实,false
cdl-000108,血腥50年,以色列与阿拉伯,,,中文,other,,,,待核实,false
cdl-000574,行为和恩典之约：什么是圣约神学,,,,中文,theology,神学,,,待核实,false
cdl-000575,袖珍神学,霍尔巴赫,,,中文,theology,神学,,,待核实,false
cdl-000002,被钉十架者的胜利,,,,中文,other,,,,待核实,false
cdl-000576,解读犹太历与十二支派,,,,中文,other,,,,待核实,false
cdl-000824,証主神学辞典：圣经神学,,,,中文,reference,辞典,,,待核实,false
cdl-000577,詩中之詩 詩篇總論,唐佑之,,,中文,bible-study,詩篇,,,待核实,false
cdl-000578,誰說字句叫人死,,,,中文,other,,,,待核实,false
cdl-000080,认识上帝的国,乔治 赖德,,,中文,theology,上帝,,,待核实,false
cdl-000579,认识圣经神学,,,,中文,bible-study,圣经,,,待核实,false
cdl-000679,认识敌人的弱点、策略和失败,周必克 与撒旦的争战,,,中文,other,,,,待核实,false
cdl-000580,认识旧约神学主题,威廉 端力斯,,,中文,bible-study,旧约,,,待核实,false
cdl-000707,认识真理,张郁岚,,,中文,other,,,,待核实,false
cdl-000581,认识神认识主,巴刻,,,中文,other,,,,待核实,false
cdl-000582,讲道与讲道的人,钟马田,,,中文,pastoral,讲道,,,待核实,false
cdl-000851,论圣灵的洗,钟马田,,,中文,theology,圣灵,,,待核实,false
cdl-000583,论基督教教义的发展,约翰 亨利 纽曼,,,中文,theology,教义,,,待核实,false
cdl-000584,论基督教教义的发展,约翰 亨利 纽曼,,,中文,theology,教义,,,待核实,false
cdl-000795,论神学学习,约翰欧文,,,中文,theology,神学,,,待核实,false
cdl-000585,论道成肉身,古罗马 阿塔那修,,,中文,theology,道成肉身,,,待核实,false
cdl-000825,证主圣经百科全书(A,J 简体版,,,中文,reference,百科,,,待核实,false
cdl-000826,证主圣经百科全书(简),,,,中文,reference,百科,,,待核实,false
cdl-000586,诗篇讲义,赖建国,,,中文,bible-study,诗篇,,,待核实,false
cdl-000587,诗篇默想,邝炳钊,,,中文,bible-study,诗篇,,,待核实,false
cdl-000589,诠释学.宗教.希望,特雷西,,,中文,culture-society,宗教,,,待核实,false
cdl-000827,语意释经,,,,中文,bible-study,释经,,,待核实,false
cdl-000590,说方言的意义,葛礼圣,,,中文,other,,,,待核实,false
cdl-000828,诸神的面具,提摩太 凯乐,,,中文,other,,,,待核实,false
cdl-000829,诸神的面具,,,,中文,other,,,,待核实,false
cdl-000107,谜一般的国家,以色列,,,中文,other,,,,待核实,false
cdl-000591,谦卑,慕安德烈,,,中文,other,,,,待核实,false
cdl-000024,谦卑的加尔文主义,Tony Reinke,,,中文,theology,加尔文主义,,,待核实,false
cdl-000025,谦卑的加尔文主义,Tony Reinke,,,中文,theology,加尔文主义,,,待核实,false
cdl-000297,赎罪论面面观,基督教研究,,,中文,other,,,,待核实,false
cdl-000840,赫斯特博雅教育思想研究1,造就理性的心灵,,,中文,culture-society,教育,,,待核实,false
cdl-000156,走向十字架上的真,刘小枫,,,中文,theology,十字架,,,待核实,false
cdl-000830,赵君影：我的宗教经验,,,,中文,culture-society,宗教,,,待核实,false
cdl-000831,赵天恩牧师的生平与神学思想,,,,中文,church-history,生平,,,待核实,false
cdl-000211,赵紫宸的神学思想研究,唐晓峰,,,中文,theology,神学,,,待核实,false
cdl-000212,赵紫宸的神学思想研究,唐晓峰,,,中文,theology,神学,,,待核实,false
cdl-000832,赵紫宸的神学思想研究,,,,中文,theology,神学,,,待核实,false
cdl-000593,跪着的基督徒,佚名,,,中文,theology,基督,,,待核实,false
cdl-000594,路德三檄文和宗教改革,路德,,,中文,church-history,宗教改革;路德,,,待核实,false
cdl-000833,转化生命的友谊,,,,中文,other,,,,待核实,false
cdl-000595,辅义福音书注释,加尔文,,,中文,bible-study,注释,,,待核实,false
cdl-000596,辨别圣灵与邪灵,吴恩溥,,,中文,theology,圣灵,,,待核实,false
cdl-000298,近代福建基督教传教策略的转变探析,基督教研究,,,中文,theology,基督,,,待核实,false
cdl-000597,返璞归真 纯粹的基督教,C S 路易斯,,,中文,theology,基督,,,待核实,false
cdl-000157,这一代人的怕和爱,刘小枫,,,中文,other,,,,待核实,false
cdl-000834,这个世界的真相,,,,中文,other,,,,待核实,false
cdl-000835,这就是领导 牧人之道,,,,中文,other,,,,待核实,false
cdl-000836,这是我的立场 改教先导马丁·路德传记,,,,中文,church-history,改教;传记;路德,,,待核实,false
cdl-000598,进化论的欺骗性,哈荣 雅荷雅,,,中文,other,,,,待核实,false
cdl-000599,进化论的欺骗性,土耳其 哈荣 雅荷雅,,,中文,other,,,,待核实,false
cdl-000600,迷人的共同体：神的大能使教会充满吸引力,狄马可和邓洁明 合,,,中文,theology,教会,,,待核实,false
cdl-000837,追寻之旅 奥古斯丁传,,,,中文,church-history,奥古斯丁,,,待核实,false
cdl-000838,追求圣洁,,,,中文,spiritual-life,圣洁,,,待核实,false
cdl-000839,追着神赛跑的人,,,,中文,other,,,,待核实,false
cdl-000601,逻辑学导论,,,,中文,other,,,,待核实,false
cdl-000602,道与刀,约翰 派博,,,中文,other,,,,待核实,false
cdl-000603,道德原则与良心,史鲍尔,,,中文,other,,,,待核实,false
cdl-000148,道格拉斯论辩中诸问题的阐释,分裂之家危机 对林肯,,,中文,other,,,,待核实,false
cdl-000385,都是恩典,司布真,,,中文,theology,恩典,,,待核实,false
cdl-000604,释经学,赵天恩,,,中文,bible-study,释经,,,待核实,false
cdl-000605,释经学原理,,,,中文,bible-study,释经,,,待核实,false
cdl-000606,释经讲道：我们该如何传讲神的话,何大卫,,,中文,bible-study,释经,,,待核实,false
cdl-000607,释经讲道七阶,雷美旭 理查,,,中文,bible-study,释经,,,待核实,false
cdl-000841,重回耶路撒冷 犹太人的三千年,,,,中文,other,,,,待核实,false
cdl-000842,重寻圣洁,巴刻,,,中文,spiritual-life,圣洁,,,待核实,false
cdl-000843,重新发现天主教的真谛,,,,中文,other,,,,待核实,false
cdl-000844,重新定义团队谷歌如何工作,,,,中文,other,,,,待核实,false
cdl-000845,重申「以聖經為根基的講道」+之重要性――+保羅.威爾森的「四頁講章」對+今日台灣傳道人之啟發,,,,中文,bible-study,聖經,,,待核实,false
cdl-000846,重负与神恩,,,,中文,spiritual-life,与神,,,待核实,false
cdl-000847,钟马田：灵性低潮录,,,,中文,spiritual-life,灵性,,,待核实,false
cdl-000848,钟马田：讲道与讲道的人,,,,中文,pastoral,讲道,,,待核实,false
cdl-000608,铁证待判,麦道卫,,,中文,other,,,,待核实,false
cdl-000853,长成基督的身量：浅探贾玉铭牧师的教会论,卢乾坤,,,中文,theology,基督;教会,,,待核实,false
cdl-000609,问题导向学习(PBL)指南,,,,中文,other,,,,待核实,false
cdl-000612,陶恕传,詹姆斯 斯奈德,,,中文,other,,,,待核实,false
cdl-000613,陶恕传,詹姆斯 斯奈德,,,中文,other,,,,待核实,false
cdl-000614,隐秘的上帝,尼古拉 库萨论,,,中文,theology,上帝,,,待核实,false
cdl-000159,非宗教的基督教：朋霍费尔晚期思想初探,刘茵雅,,,中文,church-history,朋霍费尔,,,待核实,false
cdl-000616,靠主应许养育儿女,周毕克,,,中文,other,,,,待核实,false
cdl-000617,面对抉择,,,,中文,other,,,,待核实,false
cdl-000618,预备成为帮助者,黛比 珀尔,,,中文,other,,,,待核实,false
cdl-000619,预定论与神的主权,史鲍尔,,,中文,spiritual-life,与神,,,待核实,false
cdl-000854,预定论与神的主权 史鲍尔(R.C. Sproul)着,,,,中文,spiritual-life,与神,,,待核实,false
cdl-000331,颠覆世界的宣教释经学,宣教中的上帝,,,中文,bible-study,释经,,,待核实,false
cdl-000546,马丁.路德圣灵观的当代意义,罗永光,,,中文,church-history,路德,,,待核实,false
cdl-000178,马丁路德称义神学研究,十架无我,,,中文,church-history,路德,,,待核实,false
cdl-000621,马可福音,,,,中文,bible-study,马可福音,,,待核实,false
cdl-000620,马可福音 释经默想,莱尔,,,中文,bible-study,释经;马可福音,,,待核实,false
cdl-000622,马太·亨利传,约翰 毕克顿 威廉斯,,,中文,other,,,,待核实,false
cdl-000624,马太福音,释经默想,,,中文,bible-study,马太福音,,,待核实,false
cdl-000195,马太福音注释,司布真,,,中文,bible-study,注释;马太福音,,,待核实,false
cdl-000625,马太福音注释,卡森,,,中文,bible-study,注释;马太福音,,,待核实,false
cdl-000632,魔鬼家书,C S 路易斯,,,中文,other,,,,待核实,false
cdl-000389,麦克阿瑟约翰：从神学观点看灵恩派,改革宗经典,,,中文,theology,神学,,,待核实,false
